"Id","Name","OwnerId","UseCount","ContentContentId","SystemModstamp"
"0EM7F000000kNxrWAE","image.jpg","0057F0000010W86QAE","1","05T7F000000zNFWUA2","2017-11-21 07:08:59"
"0EM7F000000kNxwWAE","image.jpg","0057F0000010W86QAE","1","05T7F000000zNJTUA2","2017-11-21 07:30:27"
"0EM7F000000kNy1WAE","image.jpg","0057F0000010W86QAE","1","05T7F000000zNKRUA2","2017-11-21 07:35:31"
"0EM7F000000kNyGWAU","image.jpg","0057F0000010W86QAE","1","05T7F000000zNLPUA2","2017-11-21 07:57:18"
"0EM7F000000kNyVWAU","image.jpg","0057F0000010W86QAE","1","05T7F000000zNNQUA2","2017-11-21 08:15:56"
"0EM7F000000kNyaWAE","image.jpg","0057F0000010W86QAE","1","05T7F000000zNO4UAM","2017-11-21 08:21:23"
"0EM7F000000kQa2WAE","image.jpg","0057F0000010W7hQAE","1","05T7F000000zaHBUAY","2017-12-05 05:04:11"
"0EM7F000000kQb0WAE","image.jpg","0057F0000010W7hQAE","1","05T7F000000zaKeUAI","2017-12-05 05:28:11"
"0EM7F000000kQsFWAU","image.jpg","0057F0000010W86QAE","1","05T7F000000zbz6UAA","2017-12-06 06:39:53"
