"Id","Hash","Format","Size","IsDeleted"
"05T7F000000zNFWUA2","dbd9af4ef92f3363e4fb63a789b6aa1b","image/jpeg","5587","0"
"05T7F000000zNJTUA2","58ba06d6d1b5318ef48ae8558b1b0d32","image/jpeg","8043","0"
"05T7F000000zNKRUA2","730407fd841379f26d1979561286aa28","image/jpeg","6044","0"
"05T7F000000zNLPUA2","4bb7b7dbcd0ac713a6a8bca81da2c894","image/jpeg","5271","0"
"05T7F000000zNNQUA2","189784a065f1cc86463b081861022d87","image/jpeg","5421","0"
"05T7F000000zNO4UAM","c182505a0e38619133f2ce4b21549a21","image/jpeg","7432","0"
"05T7F000000zaHBUAY","df11f7053426c06d1c6073f88571ac40","image/jpeg","55605","0"
"05T7F000000zaKeUAI","755f3a87a9262ceff19331f9b42a2888","image/jpeg","127037","0"
"05T7F000000zbz6UAA","cb226e4817df09ca76aeccfc49a98bc9","image/jpeg","5353","0"
