"Id","IsDeleted","Name","CreatedDate","CreatedById","LastModifiedDate","LastModifiedById","SystemModstamp","Tag_ID__c","Comment_ID__c"
"a0W7F000000mRxqUAE","0","a0V7F000000mYySUAU-a057F000002RAPOQA4","2017-12-13 09:45:26","0057F0000010W7hQAE","2017-12-13 09:45:26","0057F0000010W7hQAE","2017-12-13 09:45:26","a057F000002RAPOQA4","a0V7F000000mYySUAU"
"a0W7F000000mRy0UAE","0","a0V7F000000mYyhUAE-a057F000002RAIfQAO","2017-12-13 09:54:46","0057F0000010W7hQAE","2017-12-13 09:54:46","0057F0000010W7hQAE","2017-12-13 09:54:46","a057F000002RAIfQAO","a0V7F000000mYyhUAE"
"a0W7F000000mRy1UAE","0","a0V7F000000mYyhUAE-a057F000002RAYMQA4","2017-12-13 09:54:46","0057F0000010W7hQAE","2017-12-13 09:54:46","0057F0000010W7hQAE","2017-12-13 09:54:46","a057F000002RAYMQA4","a0V7F000000mYyhUAE"
"a0W7F000000mRy2UAE","0","a0V7F000000mYyiUAE-a057F000002RAPNQA4","2017-12-13 09:55:34","0057F0000010W7hQAE","2017-12-13 09:55:34","0057F0000010W7hQAE","2017-12-13 09:55:34","a057F000002RAPNQA4","a0V7F000000mYyiUAE"
"a0W7F000000mRy3UAE","0","a0V7F000000mYyiUAE-a057F000002RAPOQA4","2017-12-13 09:55:34","0057F0000010W7hQAE","2017-12-13 09:55:34","0057F0000010W7hQAE","2017-12-13 09:55:34","a057F000002RAPOQA4","a0V7F000000mYyiUAE"
"a0W7F000000mRy5UAE","0","a0V7F000000mYymUAE-a057F000002RAYMQA4","2017-12-13 09:55:11","0057F0000010W7hQAE","2017-12-13 09:55:11","0057F0000010W7hQAE","2017-12-13 09:55:11","a057F000002RAYMQA4","a0V7F000000mYymUAE"
