"Id","OwnerId","IsDeleted","Name","CreatedDate","CreatedById","LastModifiedDate","LastModifiedById","SystemModstamp","Create_When__c","Employee_ID__c","Last_Modified_When__c","Personality_Type_ID__c","Personality_Method_ID__c","Create_By__c"
"a0V7F000000mYySUAU","0057F0000010W7hQAE","0","Comment 1","2017-12-13 09:45:26","0057F0000010W7hQAE","2017-12-13 09:45:26","0057F0000010W7hQAE","2017-12-13 09:45:26","2017-12-13 00:00:00","a017F00000B5BDdQAN","2017-12-13 00:00:00","a0T7F000000lgxqUAA","a0U7F000000nW3BUAU","a017F00000Bp5u0QAB"
"a0V7F000000mYyhUAE","0057F0000010W7hQAE","0","Comment 2","2017-12-13 09:54:46","0057F0000010W7hQAE","2017-12-13 09:54:46","0057F0000010W7hQAE","2017-12-13 09:54:46","2017-12-13 00:00:00","a017F00000B5BDdQAN","2017-12-13 00:00:00","a0T7F000000lgxqUAA","a0U7F000000nW3BUAU","a017F00000Bp5u0QAB"
"a0V7F000000mYyiUAE","0057F0000010W7hQAE","0","Comment 4","2017-12-13 09:55:34","0057F0000010W7hQAE","2017-12-13 09:55:34","0057F0000010W7hQAE","2017-12-13 09:55:34","2017-12-13 00:00:00","a017F00000B5BDdQAN","2017-12-13 00:00:00","a0T7F000000lgxqUAA","a0U7F000000nW3BUAU","a017F00000Bp5u0QAB"
"a0V7F000000mYymUAE","0057F0000010W7hQAE","0","Comment 3","2017-12-13 09:55:11","0057F0000010W7hQAE","2017-12-13 09:55:11","0057F0000010W7hQAE","2017-12-13 09:55:11","2017-12-13 00:00:00","a017F00000B5BDdQAN","2017-12-13 00:00:00","a0T7F000000lgxqUAA","a0U7F000000nW3BUAU","a017F00000Bp5u0QAB"
