"Id","ParentEntityId","FieldEnumOrId","ContentReferenceId","SystemModstamp"
"0ER7F000000kD4RWAU","a017F00000B5BDdQAN","00N7F00000AlNrl","0EM7F000000kNxrWAE","2017-11-21 07:08:59"
"0ER7F000000kD4WWAU","a017F00000B5BEGQA3","00N7F00000AlNrl","0EM7F000000kNxwWAE","2017-11-21 07:30:27"
"0ER7F000000kD4bWAE","a017F00000B5BIdQAN","00N7F00000AlNrl","0EM7F000000kNy1WAE","2017-11-21 07:35:31"
"0ER7F000000kD4qWAE","a017F00000B5BJMQA3","00N7F00000AlNrl","0EM7F000000kNyGWAU","2017-11-21 07:57:18"
"0ER7F000000kD4vWAE","a017F00000B5BPbQAN","00N7F00000AlNrl","0EM7F000000kNyVWAU","2017-11-21 08:15:56"
"0ER7F000000kD50WAE","a017F00000B5BPzQAN","00N7F00000AlNrl","0EM7F000000kNyaWAE","2017-11-21 08:21:23"
"0ER7F000000kDCEWA2","a027F0000071Qk9QAE","00N7F00000AltFf","0EM7F000000kQa2WAE","2017-12-05 05:04:11"
"0ER7F000000kDCOWA2","a017F00000Bp5u0QAB","00N7F00000AlNrl","0EM7F000000kQb0WAE","2017-12-05 05:28:11"
"0ER7F000000kDEPWA2","a017F00000BpetGQAR","00N7F00000AlNrl","0EM7F000000kQsFWAU","2017-12-06 06:39:53"
