"Id","OwnerId","IsDeleted","Name","CreatedDate","CreatedById","LastModifiedDate","LastModifiedById","SystemModstamp","LastActivityDate","Project__c","Employee__c"
"a0H7F000001xf17UAA","0057F0000010W86QAE","0","PNX","2017-12-05 09:35:07","0057F0000010W86QAE","2017-12-06 00:59:31","0057F0000010W86QAE","2017-12-08 18:52:29","","a0F7F000000vl8LUAQ","a017F00000B5BIdQAN"
"a0H7F000001xf1hUAA","0057F0000010W86QAE","0","365s","2017-12-05 10:00:12","0057F0000010W86QAE","2017-12-06 04:13:19","0057F0000010W86QAE","2017-12-07 18:56:23","","a0F7F000000vl8VUAQ","a017F00000B5BIdQAN"
"a0H7F000001xfXZUAY","0057F0000010W86QAE","0","PNX","2017-12-06 01:31:31","0057F0000010W86QAE","2017-12-06 01:31:31","0057F0000010W86QAE","2017-12-08 18:52:29","","a0F7F000000vl8LUAQ","a017F00000B5BDdQAN"
"a0H7F000001xfXeUAI","0057F0000010W86QAE","0","Red Pen","2017-12-06 01:31:46","0057F0000010W86QAE","2017-12-06 01:31:46","0057F0000010W86QAE","2017-12-07 18:56:23","","a0F7F000000vl8QUAQ","a017F00000B5BDdQAN"
"a0H7F000001xfiFUAQ","0057F0000010W86QAE","0","Red Pan","2017-12-06 04:13:47","0057F0000010W86QAE","2017-12-06 04:13:47","0057F0000010W86QAE","2017-12-07 18:56:23","","a0F7F000000vl8QUAQ","a017F00000B5BIdQAN"
"a0H7F000001xfuXUAQ","0057F0000010W86QAE","0","Salesforce","2017-12-06 05:46:07","0057F0000010W86QAE","2017-12-06 05:46:07","0057F0000010W86QAE","2017-12-07 18:56:23","","a0F7F000000vmDRUAY","a017F00000Bp5u0QAB"
"a0H7F00000371zEUAQ","0057F0000010W86QAE","0","Salesforce","2017-12-08 08:13:01","0057F0000010W86QAE","2017-12-08 08:13:01","0057F0000010W86QAE","2017-12-09 18:50:35","","a0F7F000000vmDRUAY","a017F00000B5BPRQA3"
"a0H7F00000371zPUAQ","0057F0000010W86QAE","0","Salesforce","2017-12-08 08:19:21","0057F0000010W86QAE","2017-12-08 08:19:21","0057F0000010W86QAE","2017-12-09 18:50:35","","a0F7F000000vmDRUAY","a017F00000B5BEGQA3"
"a0H7F00000371zQUAQ","0057F0000010W86QAE","0","Aka","2017-12-08 08:20:01","0057F0000010W86QAE","2017-12-08 08:20:01","0057F0000010W86QAE","2017-12-09 18:50:35","","a0F7F000000vl8QUAQ","a017F00000B5BEGQA3"
"a0H7F00000371zUUAQ","0057F0000010W86QAE","0","Phoenix","2017-12-08 08:19:35","0057F0000010W86QAE","2017-12-08 08:19:35","0057F0000010W86QAE","2017-12-09 18:50:35","","a0F7F000000vl8LUAQ","a017F00000B5BEGQA3"
"a0H7F00000371zZUAQ","0057F0000010W86QAE","0","365","2017-12-08 08:19:52","0057F0000010W86QAE","2017-12-08 08:19:52","0057F0000010W86QAE","2017-12-09 18:50:35","","a0F7F000000vl8VUAQ","a017F00000B5BEGQA3"
"a0H7F00000372xZUAQ","0057F0000010W86QAE","0","Salesforce","2017-12-11 02:58:30","0057F0000010W86QAE","2017-12-11 02:58:30","0057F0000010W86QAE","2017-12-12 18:53:39","","a0F7F000000vmDRUAY","a017F00000B5BJMQA3"
